mpg-spiffy,mpg-another
31.68794718,33.21938492
31.19331762,31.28349273
29.81425975,29.19437299
28.11647598,30.29739193
30.29460069,31.53927382
29.61494276,29.05949850
32.42327959,32.49096744
30.03381153,29.49902879
